Recipient name,Recipient code,1991,1992,1993,1998,1999,2000,2001,2002,2003,2004,2005,2006,2007,2008,2009,2010,2011,2012,2013,2014,2015,2016,2017,2018,2019,2020,2021,2022,2023,2024,2025,2026,2027,2028,2029
,"list(`0` = ""narrative"", `1` = list(""Africa, regional""), `xml:lang` = ""en"")",0,0,0,0,0,0,0,0,0,40318509.6,72380279.58,77399185.423,107524470.7658,191017785.7938,315368624.134,346655771.255375,443337385.107376,418482695.60878,401680722.9869,407061172.45443,338645733.848705,260706035.5936,177143202.948,83135789.122,42395632.816,72599298.17,84900171.24,98314994.62,101764381.88,68810675.42,0,0,0,0,0
,"list(`0` = ""narrative"", `1` = list(""Bilateral, unspecified""), `xml:lang` = ""en"")",0,0,0,0,0,0,0,0,0,0,0,0,0,0,0,0,0,0,0,0,0,114407803,788669714.4,236574737.4,76207814.4,0,0,0,0,0,0,0,0,0,0
,"list(`0` = ""narrative"", `1` = list(""Central Asia, regional""), `xml:lang` = ""en"")",0,0,0,0,0,0,0,0,0,0,0,0,0,0,0,0,640682.328,2375953.722,3795840.67,5634395.83,16190720.5112,26044895.174,47942546.922,56166783.966,59122022.23012,51087712.13606,49296370.33003,51473904.6455,40540031.41845,36446244.965,862390.04,0,0,0,0
,"list(`0` = ""narrative"", `1` = list(""North & Central America, regional""), `xml:lang` = ""en"")",0,0,0,0,0,0,0,0,0,0,0,0,0,0,778134,1953532.44,5528327.362,7651593.27217,11421073.5858,15281257.6124,15750476.2752,16156426.5112,14164816.1299,20059834.5335,28981360.4394,43291531.5345,42500971.434,39117701.872,43629996.382,40494571.476,32914552.408,10923606.912,0,0,0
,"list(`0` = ""narrative"", `1` = list(""South of Sahara, regional""), `xml:lang` = ""en"")",0,0,0,0,0,0,0,0,0,0,0,1509238.33,10411815.5792,37534768.4692,69509006.2808,139046519.9914,272401542.4193,305546164.6214,265767034.7419,524363722.2546,808684916.12624,1255490295.4088,1399055599.6508,1721838674.183,1713479509.0901,1777696577.2541,1979523767.49,1984133472.3423,1802777263.8688,1227349855.6656,687900541.77,216828684.92,14617510.84,0,0
Afghanistan,AF,0,0,0,0,0,0,0,0,0,1814281.2,16463172.352,25116305.675,44751759.205,120743293.818,139333308.375,153847114.8216,138938557.9606,139500616.663,124070901.2564,156600164.732,206251429.637,292877101.904,331390026.151,524595538.66608,738583179.610806,895570931.418502,813788100.37208,529783538.37894,223805050.92528,113834874.84218,39188519.23914,1910826.3704,0,0,0
Albania,AL,0,0,0,0,0,0,83266.488,520702.0804,706344.9,961585.4802,2165502.9394,5206749.6574,10046363.1124,19744100.7163,33063560.3678,34895755.25,22690045.9924,17830410.765,29064692.1827,42220765.92575,63976017.1868,88732617.0664,131735453.2005,117566147.7085,114669578.531,85116594.599,38044228.4414,20602632.5876,6410518.804,7541543.3452,6856000.84,4470054.9,0,0,0
Angola,AO,0,0,0,0,0,0,0,0,0,0,0,0,4159958.628,27681316.342,48121686.578,58760322.248,51998652.5047,41303525.413,50346646.762,58595207.096,55693354.108,80393297.115,111469426.652,159878269.677,268794498.7656,518107177.61012,487029111.96349,348473112.444,240557733.972,174682890.832,113430920.2,0,0,0,0
Antigua and Barbuda,AG,0,0,0,0,0,0,0,0,0,0,0,0,0,0,0,0,0,0,1198567.336,3770999.052,3470326.872,3235452.72,1723349.9,462109.3098,0,0,0,0,0,0,0,0,0,0,0
Argentina,AR,0,0,0,0,991836.019,3485835.434,4724749.4384,4917542.528,5334163.3772,1642485.10925,37364771.59648,199434274.979,346046952.3942,813698016.37632,1174942189.8829,1027319366.075,752733825.998,991348637.35476,876689982.2812,748105414.48772,950243406.431,791420380.761,909957091.0089,1147255800.6413,1418952070.5944,1701111889.4997,1181197332.1254,668350081.929,262318674.844,92523671.52,6131880.666,0,0,0,0
Armenia,AM,0,0,0,0,0,0,0,0,0,155509.8192,1547076.9408,2139083.856,8391725.9958,16080765.7006,66145430.277,58205226.034,38997333.49612,44786330.61281,55074017.2298,70783460.2784,90078680.12664,131369910.22567,116351913.03148,106094562.6337,72813878.5696,64845419.20774,56923886.7558,36706141.5324,15038546.645,1867166.678,0,0,0,0,0
Azerbaijan,AZ,0,0,0,0,0,0,0,0,0,0,0,6794137.6744,39639041.3954,130862399.917,198784951.0244,280724884.464,382222304.351365,358521789.827035,308129373.97267,313968355.8695,215433470.9855,226539860.416,236182496.1142,101618765.7459,86845885.932,30027443.39,40748971.23,47731726.0962,41662508.977,31170930.0742,0,0,0,0,0
Bangladesh,BD,0,0,0,0,0,0,0,13658789.892,53554547.1255,64672717.917,55201801.92222,33572802.7241,44762852.828,80423371.4797,144173309.408,299397969.6832,479171132.79984,822610510.10488,763922607.150404,910475687.128123,1155067319.22598,1553720527.72241,1635502160.11004,2182384576.8474,2679744751.0857,3024592203.9386,2821960957.2656,2177508817.872,1572900538.9416,754101095.0694,372049429.6,186491844.7,0,0,0
Barbados,BB,0,0,0,0,0,0,0,0,0,0,0,0,0,2101689.583,5907199.458,5472695.754,7866909.091,7413980.622,14949927.188,0,0,0,0,0,0,0,0,0,0,0,0,0,0,0,0
Belarus,BY,0,0,0,0,0,0,0,0,0,0,0,2100885.877,5952626.873,18006403.617,19235154.26832,31783597.7819,48397633.60847,97473482.2489,114982163.1746,90298738.3081,53809023.64734,92793127.8662,103364987.394,154739409.3088,149730679.1044,142760992.6855,114681434.61086,91089905.6432,110890060.052,131975247.998,86526192.061,48710663.889,8638273.32,0,0
Belize,BZ,0,0,0,0,0,0,0,0,0,0,0,0,0,0,0,546546.724,1538444.88,3113780.298,4158053.81,4117289.65,6739341.5296,7499971.8372,13428700.446,20503142.58,3810390.726,0,0,0,0,0,0,0,0,0,0
Benin,BJ,0,0,0,0,0,0,0,0,0,0,25211623.708,14260558.568,5447564.8244,4709668.374,4174322.8358,13497385.8356,34655288.2338217,52081162.6427581,52507105.1967413,63732107.5547092,67418311.4642675,92938032.891682,93827358.4786,106855191.4881,147140166.8332,227704390.352,236630760.1076,238113288.164,215157013.5511,166385768.7873,77022759.3396,40730019.7503,1154740.2342,0,0
Bhutan,BT,0,0,0,0,0,0,0,0,0,0,0,0,1139036.2716,4507825.5798,4925873.1968,5129650.56739301,5702073.14980511,3177089.85529407,3051344.32219475,4052227.99880803,8362154.34144631,5445812.09131278,4103214.231,4416061.72,1981403.131,4101933,1796645.892,1149853.4004,287463.3408,0,0,0,0,0,0
Bolivia (Plurinational State of),BO,0,0,0,0,0,0,0,0,0,0,0,465828.3594,6443647.26,27297566.8562,43674922.35082,55428095.8173,37419349.36794,56154703.6864,74160255.2082,73436523.0501,81741954.3348,103712159.1134,84074979.719,196648378.7857,238414507.065,229096129.0504,300651138.496,237839220.6698,209776447.894,119293895.919,94906022.42,9859992.728,0,0,0
Bosnia and Herzegovina,BA,0,0,0,0,0,0,0,0,0,0,2234666.526,3419303.0949,4261049.0646,9003122.268,8913089.0074,16469787.591,50820478.7567,69064326.3934,56300321.043,43333940.164,61127844.5892,73091857.338,101280103.587,131952278.402,155747125.668,170585186.382,89926615.9388,65786871.53,31074405.48,22971527.92,0,0,0,0,0
Botswana,BW,0,0,0,0,0,0,0,0,0,0,0,0,0,672809.78,9236012.356,71783045.534,75600510.005,77135744.096,67922883.472,22689910.014,25026395.616,32034185.4,38047985.304,53800390.96,72949307.12,105177905.75,60745186.15,0,0,0,0,0,0,0,0
Brazil,BR,0,0,0,0,0,0,0,0,0,0,1093758.81,46293131.709,225507579.23814,790344519.3575,1123814813.05502,1547881859.67627,1064917916.06154,1024511887.712,1007114776.48264,940366343.917485,929665118.136579,834582630.988724,691786860.1297,734251269.231962,743844245.46644,605957226.0026,1293086248.3644,1085665948.7442,323146120.412,268829134.842,211656988.9884,46245995.8144,0,0,0
Bulgaria,BG,0,0,0,0,0,0,0,0,0,0,0,0,4500650.016,28983526.331,50667125.4238,64128115.1243,51039566.7974,55185237.55,54941072.4226,32236945.032,30609301.7115,227517200.007,42793166.47,37323606.096,11984475.426,2406003.75,0,0,0,0,0,0,0,0,0
Burkina Faso,BF,0,0,0,0,0,0,0,0,7660515.979,26797489.7021,63642224.3008,45701596.347,51181445.3872,106695645.278,104270199.656,87658264.75641,65667801.9834,71627125.73707,71490194.91358,95984924.1081,143590257.616023,247487690.15766,231869323.567168,279885120.8713,362646952.4296,379108516.0632,389012410.072362,309591689.3728,227754921.4588,95215838.2404,43119500.97,0,0,0,0
Burundi,BI,0,0,0,0,0,0,0,0,0,5790966.5892,7625616.2809,18331316.398,17722012.598,18886994.5128,21599140.85508,64008419.7300594,71632784.6431223,70819534.6332506,47744071.7406782,34329596.0388124,31170609.9219256,60546971.463,76201510.881047,86850554.7286,106483266.6824,122438791.1713,130265386.5478,127461428.708,98971981.8792,52651803.039,29660023.876,860234.046,0,0,0
Cabo Verde,CV,0,0,0,0,0,0,0,0,0,0,4990314.42307,3918528.857,4560405.764,5664723.7002,967325.3403,737271.808834,1597129.2621,14361575.5068,24972867.7132,28185583.198,18717198.7668,9810469.2584,4914531.4,19364714.29318,22460605.131,22194894.2518,17932879.9014,10749698.4362,4204381.3741,0,0,0,0,0,0
Cambodia,KH,0,0,0,0,0,0,0,0,0,0,572991.45,2352662.94182,2599056.01936,8967014.984,31053769.8077,39557764.6132,55600389.6855,62841433.719,45587940.485,18839659.897,2146205.53291,12707412.3817,41540119.45042,75831782.17,107838861.0208,165877399.0391,182924090.0969,200782526.7362,173768090.6942,130222265.6064,52965001.837,12615346.162,0,0,0
Cameroon,CM,0,0,0,0,0,0,0,0,0,0,1262406.9,2327196.7995,4870554.3196,17034006.8688,45240965.1065,76987873.28448,97744372.9207,88174716.341,97846101.9378,123514293.97,138029594.3625,217946897.7316,285533684.1704,393207984.1324,339575902.665,337636844.316,397763108.055,359642430.059,191412534.223,141900860.313,72109080.019,4444564.218,1336790.77,0,0
Central African Republic (the),CF,0,0,0,0,0,0,0,0,0,0,0,0,1079306.55,7674155.65,11397090.459,7154214.8818,9572247.55071,11056660.8327,13345739.9463,24087343.2245,19430264.1368,21667110.915,27220945.98708,60760293.9264,101928849.1445,147830844.4178,155533934.0342,102755257.308,85250018.5452,47508451.555,8175313.644,0,0,0,0
Chad,TD,0,0,0,0,0,0,881237.028,3898221.479,6426436.672,4996592.954,6926420.768,3234560.3767,2754798.4884,8462842.218,9503902.31,8557188.204,10116454.382,12323176.326,10392203.922,12806728.051,15111820.6385,19494346.7939,28648507.6007,44468953.5311,63970201.02495,90984267.4913,88480895.94994,84928225.33694,81381239.7395,49686712.292,24282465.126,1575532.704,0,0,0
Chile,CL,0,0,0,0,0,0,0,0,125687.445,2226908.19,3194454.08,3038378.3,2161149.345,16722517.502,11738701.545,11669954.796,8251987.946,6360412.294,6365100.639,6391524,21169434.36,14559012.6442732,14485759.0081006,32752804.0931987,34903456.8117195,38931597.0546248,35717566.226,28262873.018,8819897.86,0,0,0,0,0,0
China,CN,0,0,0,0,0,0,0,0,0,0,10313845.763,43571553.01,162861792.1244,611196394.3148,883758810.18505,1343980230.73916,1625292503.03242,1518495895.61768,1516049217.50718,1654661444.57657,1923986080.81096,2579187217.8478,2920681871.606,3289607518.4849,2819207554.435,2451541135.9144,1896003423.3055,1395955290.7767,1044435979.9512,798409541.133,374986406.716,194764629.396,42257112.29,0,0
Colombia,CO,0,0,0,0,0,0,0,0,11426132.16,57440597.34,143154057.3832,158084227.5145,152121074.258,326072747.7135,292699853.4732,298225921.6927,206879747.2656,149857982.0126,123679183.0404,152159423.814,240905591.612,200329838.041,192261297.516,273014464.885,264548785.474,293966901.198,230897468.754,121910335.318,49644347.738,6216337.944,1670852.177,0,0,0,0
Comoros (the),KM,0,0,0,0,0,0,0,0,0,0,0,0,0,0,0,147865.84,3211769.6048,2833071.132,2815289.5256,1153297.0632,2586138.9565,3880416.9801,4348996.94,4373254.5882,14270384.1256,49930854.1028,57992855.204,51730885.774,53454883.408,44039858.9,18572575.5536,0,0,0,0
Congo (the Democratic Republic of the),CD,0,0,0,0,0,0,0,0,10969086.36,28613804.66,39536408.74,55726348.48783,123744840.1866,212144292.6733,181043277.172,220127779.7955,236412976.6769,215732805.39,259626996.9148,219540422.57,274571892.601,411598224.1512,360837938.3938,398201005.1377,508163285.8192,859135233.056,1101809778.227,789489256.108,469701211.78,96476687.74,0,0,0,0,0
Congo (the),CG,0,0,0,0,0,0,0,0,0,3265706.123,6703999.884,4838403.996,4011388.784,8239289.468,22794832.962,25853928.0534,27126846.8725,21663887.48616,10280894.0046,13438648.382,14097977.5709,28151453.2125,52704944.3362,76934230.03512,99846771.5892,140881659.8045,114316633.334,42503564.504,20948916.377,22580245.6,24563742.68,0,0,0,0
Costa Rica,CR,0,0,0,0,0,0,0,0,0,0,572991.45,1349660.021,7428497.61,16040402.484,16702996.549,25510066.162,38615421.276,29856110.965,36271307.676,38312462.147,53095039.4,168110844.532,243810320.614,143082831.072,106690942.8,110809692.5724,75014375.4592,104615930.07,90878716.4,58114732.1,40167225.604,22808761.542,0,0,0
Croatia,HR,0,0,0,0,0,0,0,0,7405322.8182,30866916.3354,56183920.206,39965551.7378,31485883.6487,40059676.2216,74519358.7678,162507654.9472,202184504.4693,183755285.0774,121575456.314,106500093.58,106271704.018,127084182.563,125851022.972,160200137.337,51749846.865,56382446.192,87191161.2752,83981065.4714,78382343.624,76275740.066,79962169.092,70212921.734,10219322.02,0,0
CÃ´te d'Ivoire,CI,0,0,0,1808278.25,8307211.31782,10237884.7605,8798492.152,7767971.3896,869205.52516,621837.0893,-103883.9021,0,2344703.208,73275738.0544,144809705.031,154415618.935,94510860.654,43825846.773,46344860.609,53295221.861,70686290.338,64643530.69,107636519.474,224206042.605,473015340.513,664178597.374,667173662.678,594654416.504,449222811.191,276700779.669,92486182.178,22637737.92,0,0,0
Djibouti,DJ,0,0,0,0,0,0,0,0,0,0,77519.3368,1526334.8766,1321311.6704,3081564.1336,2316995.7619,1262638.8125,3760450.31036,5356504.1529,5602683.65368,7162307.69203,10308500.45162,11384635.9919,12456806.8098,17448799.2368,24446018.884,36799556.8098,43851175.7087,51613491.6078,35571109.7314,22156237.1543,11843489.838,6309820.42,0,0,0
Dominica,DM,0,0,0,0,0,0,0,0,0,0,0,0,0,0,0,0,0,0,0,531857.2154,2218595.3125,3695930.478,6647364.083,18181768.1331,30337948.87,34873213.153,36523778.9775,35946916.7562,22166627.1382,11190488.004,13011215.72,1172200.14,0,0,0
Dominican Republic (the),DO,0,0,0,0,0,0,0,0,0,0,0,2813913.748,4364242.3596,41830477.2941,35176106.31835,47640686.0686,59577310.2226,46500151.02836,29436849.17335,30820007.672,34046372.7367,46555577.3784,69508683.4199,108909930.0947,104379530.3877,80383131.296,67907954.8904,32896590.089,31935797.934,16732551.75,0,0,0,0,0
Ecuador,EC,0,0,0,0,0,0,0,0,0,0,0,0,0,3364048.942,5541607.41,4744926.64,3075275,1610220.232,1098483.29,71147887.77,99845990.9756,223404228.42726,309013707.78004,262698609.56038,447267492.70377,619825147.6744,423031500.0753,221350476.06,116373785.724,88269932.3,68306014.244,1747366.4,0,0,0
Egypt,EG,0,0,0,0,0,820410.138,7635066.6508,20060662.692,17158500.0934,14987596.67777,17488101.5136,22775417.8878,16187443.7766,26373221.141562,69166736.1075,303402260.2943,590180576.02601,716599966.63568,653935946.27484,926176118.80692,1068653484.70046,1258803365.4266,976888405.388,935254630.194,947543935.4796,1312090513.7388,1173565557.6696,993531710.808,850340240.948,347324711.804,110830055.573,23787592,0,0,0
El Salvador,SV,0,0,0,0,0,0,0,0,0,0,0,0,0,0,0,41704057.6318,46218871.1975,62040009.9827,52427591.599,50595858.392,37907112.311,33126328.066,34110715.146,16560231.06,3048312.72,53355071.936,137470900.036,205920485.404,211975470.56,177037535.88,141118271.12,107057816.82,0,0,0
Eswatini,SZ,0,0,0,0,0,0,0,0,0,0,0,0,0,0,0,0,1073474.4216,5462690.5075,9143561.2943,12039097.755,13968415.92,21557752.6772,20058082.4056,23499756.644,18442291.322,23287792.554,26603812.695,33475163.9304,36868208.626,37513794.11,17517297.408,0,0,0,0
Ethiopia,ET,0,0,0,0,0,0,0,0,24189118.84,56266043.128,72345563.7782,62018989.1431,128567176.8986,271150873.155886,775070589.2923,652761562.2416,508982723.5069,556621117.0257,913409018.8576,873281889.587,994307066.1649,1593698897.6236,1829253531.8812,2227277633.15174,2359458721.9278,2020619520.9075,1600973421.7439,1187890506.9385,884555743.9518,535345543.6573,165811011.494,0,0,0,0
"Europe, regional",89,0,0,0,0,0,0,0,0,0,0,0,0,0,0,0,0,12813646.8,0,0,0,0,0,0,0,2286234.3396,7458059.94,15810483.81,28027676.358,37370235.024,38807551.702,0,0,0,0,0
Fiji,FJ,0,0,0,0,0,0,0,0,0,0,0,0,0,0,0,0,0,0,0,0,1001055.84,8008546.272,16151742.492,14943636.792,8687690.8832,12201532.59614,20338192.216,22585408.471,23081353.3,26027690.114,28735387.722,2528021.52,0,0,0
Gabon,GA,0,0,0,0,0,0,0,0,0,0,0,0,0,0,0,0,0,9289732.204,12265849.55964,15647361.43914,25535631.4961,52007945.7076,85525862.8638,116700418.6088,122711389.6895,130229236.8338,80395211.2224,13172202.88,0,0,0,0,0,0,0
Gambia (the),GM,0,0,0,0,0,0,0,0,0,0,0,611166.8168,1386652.892,3364049.04,3078670.848,2532764.892,2219903.9467,1358864.89913,2353144.074,8362510.5142,7102925.6984,11479714.7922559,15983005.8153085,25471224.621193,24187915.6003699,40518127.6639016,44330564.8927764,40643486.449,42997055.9927,28075143.236,12598081.211,5512109.66,0,0,0
Georgia,GE,0,0,0,0,0,0,0,0,0,0,0,0,8361181.062,13306074.17,42070937.7453,162909235.017,112504291.1475,90951509.0574,69040210.6478,83588536.0539,111687879.727,164662501.724362,158065115.05188,143957607.892484,90429344.7150344,135354719.033925,145646914.3876,115300057.901,102598656.866,87846537.135,40955640.509,16039392.1825,0,0,0
Ghana,GH,0,0,0,0,0,0,0,0,0,3396334.3262,23647525.25456,31179084.01023,48829747.8769,98250411.0654,83105595.7763,144842346.0982,246216852.5146,292428711.7696,281631365.27992,336170217.3299,315005865.6559,287966623.6715,177891000.7387,174603788.1021,223534030.5086,380631567.2149,375193426.4,408534748.714,336284255.165,237042366.702,162272472.955,18288577.22,0,0,0
Grenada,GD,0,0,0,0,0,0,0,0,0,0,0,229187.557,293224.339,568094.7802,2111338.6969,1166531.2099,1556583.124,3215811.8323,2503671.7259,2337607.16,1508257.41,1965655.62,1014146.672,636713.2804,2982369.91746,6747955.8042,11366703.1286,20488123.247,30116485.0664,33762764.0398,12255568.496,0,0,0,0
Guatemala,GT,0,0,0,0,0,0,0,0,0,12959151.12,16238577.36,25702111.2468,17362007.9797,31941644.3871,30206199.8202,49982300.8315,57854648.7188,30725917.1893,20701681.863,17680708.978,16824411.8538,2358353.1404,9310565.6568,35415237.2196,59838375.792,86998270.464,79562667.672,42357723.796,16737552.78,2515304.21,0,0,0,0,0
Guinea,GN,0,0,0,0,0,0,0,13961007.1976,15156142.799,18891280.793,19625298.5494,17840001.58889,16521606.2287,33517128.5104,27772602.312,17094295.2208,13636683.1226,6113104.8947,11666656.01492,26698906.1085,24615999.1989,44719514.4512,59518710.5308,68877774.1818,94757117.62968,142812232.657,151141984.806,133578716.9792,81761500.2098,25595965.9724,0,0,0,0,0
Guinea-Bissau,GW,0,0,0,0,0,0,0,0,0,0,0,3259556.308,4506621.822,5046073.304,2893950.448,5503094.633,8629135.4676,6769209.123,3140552.3176,12168521.623,10782369.677,17131011.0396,16971587.96,20126654.635,23885271.36422,26344053.231,25829424.8006,21269404.7858,9911388.4582,5750244.2962,2175594.4252,0,0,0,0
Guyana,GY,0,0,0,0,0,0,0,0,0,0,0,0,0,0,0,0,961023.438,2260465,3514385.503,4653810.37279152,7991064.5812,10856593.1321,9365789.3313,8851190.223102,12916887.8101765,18848910.5963,27522014.0619,33698031.8142,32434590.048,14435302.44,2587170,0,0,0,0
Haiti,HT,0,0,0,0,0,0,0,0,0,0,3080406,7184256.5372,13251118.199,23274622.739,27867697.0068,45708576.5688,59407126.18898,73598219.66034,67438711.2172,75570199.15786,86843471.66135,111718215.8381,104399034.0003,129564956.0963,137775079.798013,180627277.4023,174625351.867,135107694.685,99101922.3408,82641539.329,31917434.416,26699824.492,2706563.29,0,0
Honduras,HN,0,0,0,0,0,0,0,0,0,4924477.0912,4899076.854,6835146.4826,8074721.1216,21341726.2957,51389793.2082,63449182.5473,67335483.767,63459733.142,41623946.4563,22760402.6292,14164674.092,17565254.9496,12664132.1935,15890861.429,37257982.1462,84996207.64776,94855684.629,98070611.242,83610627.5956,60365865.1196,40848963.1312,1724780.16,0,0,0
India,IN,0,0,0,0,0,0,0,14932826.02788,27341132.0024,51913388.106,274584819.94694,239548627.390458,463929638.093108,1772001662.327,1834005931.0042,2133608719.2576,2463365405.554,2579947637.98487,3025349330.0519,3844072574.961,4219433942.62471,4999716850.3883,4680230402.24892,4941750198.07195,4864719429.18624,5276210065.35425,3920173217.83324,3104148187.77648,2128313141.97321,1537522228.649,475524480.361325,178737492.162,61890742.244,0,0
Indonesia,ID,0,0,0,0,0,0,0,0,6032997.66,20838314.532,36400719.06187,68545668.0237,142462497.53248,317200382.4589,384208883.6811,389959657.439428,596364253.893042,831301948.38588,1075137992.7456,875970076.7435,751491210.9736,925871152.344,927258895.684,1012710533.4896,996573674.4282,1210555170.656,1228481236.727,1055562498.4778,710136192.15,300309790.938,68599453.734,14922509.986,4132285.616,4545514.208,1652914.28
Iran (Islamic Republic of),IR,0,0,0,0,0,0,0,0,0,0,2291965.7172,8759482.146,8773565.0796,19444090.18746,21136771.63748,26165797.2488,15347125.2656644,11673963.485,15866980.632,0,0,0,0,0,0,62647704,11498534.4,0,0,0,0,0,0,0,0
Iraq,IQ,0,0,0,0,0,0,0,0,0,0,0,524046.7992,36849675.71,113198603.478,111550898.3072,91768942.15716,54047936.5384,55801610.859,81011068.893,110720444.849,93435823.072,172240477.062,237457284.556,311887503.626,301015982.604,423932906.419,452357172.183,569393739.23,44141778.2,7186583.76,0,0,0,0,0
Jamaica,JM,0,0,0,0,0,0,0,0,0,0,0,994673.31954,2664967.33788,11795701.1462,20471313.402,32757053.1074,30878269.2941,32452752.79642,23444502.786,15670724.0599,23133266.2518,38255086.44032,45362978.7947,55776031.521,50093376.1874,34775787.6504,23012168.845,21323307.198,17581769.92,16626192.81,12217191.752,0,0,0,0
Jordan,JO,0,0,0,0,0,0,0,0,0,1083384.9934,7477538.192,7815602.486,12983338.49398,21524258.7087,32945215.14404,48438118.6914,36940034.007389,43520189.847,133813270.107056,109454891.674972,9730262.61622,1617897.40922,43696564.578,142536094.799,395272344.1792,1063297207.006,995059186.7155,626050553.6445,450603874.5785,336852336.99,164008043.906,0,0,0,0
Kazakhstan,KZ,0,0,0,0,0,0,0,0,0,0,0,101861.1347,604184.4658,2982441.9727,323276008.0885,603887588.5181,629716143.368934,568434403.065584,502953134.367023,394971489.50006,349436957.667,320014020.62973,388927064.288865,593474115.264431,683798085.611582,616272193.739109,399854849.916,16092135.402,0,0,0,0,0,0,0
Kenya,KE,0,0,0,0,0,0,0,0,0,7257124.401,29535174.764827,44705510.2521,71586011.6005,157459264.8895,206220322.5225,219939350.80415,285109389.371,361179582.2534,469456562.25157,565728625.2832,616510811.039274,714315002.322873,654385785.257826,751683160.67049,842482535.088065,885534389.819728,756311021.33214,492995754.672,338726671.994,58621001.064,5315005.92,0,0,0,0
Kiribati,KI,0,0,0,0,0,0,0,0,0,0,0,0,0,0,0,0,2540292.501,6893129,12728756.2838,12594182.32,20316763.894,14626009.7866,5856405.542,9541847.42,9215811.236,13769215.716,17294106.6214,11368823.846,15998193.211,21122755.754,23468881.08,12787962.8624,977375.3454,0,0
Kosovo,XK,0,0,0,0,0,0,0,0,0,0,0,0,638763.89745,2830999.44608,4160852.60651,5858668.57752113,7989855.84006179,12592553.285731,11652478.7321696,12924407.0353,15255477.62878,19785849.83243,22637724.4396,31818081.20154,48488578.2474,89909622.10636,87731381.2456,36553693.2776,15814667.335,4757518.32,5476176.6366,6266700.6842,6295447.0452,4815010.9058,0
Kyrgyzstan,KG,0,0,0,0,0,0,0,0,60136.17998,1731264.1756,4784330.57078,9882614.5838,17526860.4381,28095377.79404,35008624.87088,49758882.51424,48763419.46421,33083748.0739,21838841.28652,28522119.9826,24479853.81805,37268651.0256,53157285.993556,48749585.78999,45067017.46887,66501061.01354,68529078.4923,79272813.7492,94162335.9291,83314658.0934,54394758.1694,17409850.448,0,0,0
Lao People's Democratic Republic (the),LA,0,0,0,0,0,0,0,0,0,352488.9066,2188827.5679,5328412.6102,6527739.4809,11761345.5155,14027164.5119,29607842.9763,33453719.90974,42626174.7858,48744531.95384,46215870.3680524,49469500.4913822,74934957.3303825,80438129.9407502,77164530.7765664,84133546.26265,112680773.1556,120781557.1613,102985420.8584,92527616.1807,57537864.8686,30119896.116,17198361.04,3607665,0,0
Lebanon,LB,0,0,0,0,0,0,0,0,8453806.612,14893046.05738,18122882.0036,15568691.4034,15389808.028,17652408.582,8430535.0934,12680336.6306,23108501.5833,22621219.35574,33524966.7321,46299968.2989762,108841943.887778,270549565.696335,186407841.455525,216730264.798198,275404767.669786,344970410.483742,430946556.232,432811562.2563,333078516.167,137982401.5708,24075053.982,0,0,0,0
Lesotho,LS,0,0,0,0,0,0,0,0,0,0,0,0,5432392.0265,13429134.3374,12138331.4712,13747770.5108,8483361.664,10970262.5064,17585934.0481,17067791.3666,20056514.658,30812498.7757,41743415.3624,44213882.939,41563880.7762,48561903.9304,47040964.0322,62717699.3582,59474030.62016,41712993.66476,20794739.1088,7414039.051,0,0,0
Liberia,LR,0,0,0,0,0,0,0,0,0,0,0,0,2525689.13,9914977.144,33643429.036,40591672.724,58678371.512,37936459.567,43938170.8492264,42459728.6031,32255150.2196,33820491.4100768,37641497.6642375,51743524.0065875,67075726.4580576,83556775.3490573,66834432.7547994,63692180.5658269,51784613.5173899,28717712.1929273,17518869.7183567,17681031.7811364,0,0,0
Madagascar,MG,0,0,0,0,0,0,4371490.788,14563491.134,28225057.495,46273217.746,57254094.5674,59706585.0629,71003666.46525,104331013.2616,71147412.4400573,74408085.5326,43100368.28572,31176087.51389,31333770.63132,70111186.9873,83174298.4924,141983390.5236,127588090.5013,164097239.9142,201958670.4868,292832967.5685,331121269.6807,290892773.323,184196389.46025,95287213.91,9951894.56,5361191.43,747404.73,0,0
Malawi,MW,0,0,0,0,0,0,0,0,0,2655226,9378881.88,13493558.3874,23058857.0989,46418341.5641,56228360.2233,61174856.885,78407205.5248,92773614.393669,131763807.094744,176385245.43575,192499903.293166,250216947.421795,216670718.771903,178607704.7676,185144104.3802,308194884.365,361112217.975,326211624.536,254017544.484,141471061.155,62889372.559,32135607.7,0,0,0
Maldives,MV,0,0,0,0,0,0,0,0,0,0,0,0,0,66318.324,6245021.377,8778203.519,7558198.087,5596821.246,6709609.5376,3726634.5004,4007241.2979,4459251.4948,8627847.5716,11713029.751,10369511.56488,32706933.72503,31895289.65312,19224452.537,18138202.5174,16483503.8418,7021023.1642,3168663.3216,0,0,0
Mali,ML,0,0,0,0,0,0,0,0,0,0,2952946.084,26030778.2823,32785215.88,57014863.189,75545124.306,85959703.2599,75964610.847,60496834.0394,58279281.32404,86866404.61032,128643543.86458,151319017.16646,162806444.8819,172090486.2819,181875949.3852,251038384.502,254054845.79376,169500808.89174,120727291.234,40865040.522,1026654.845,0,0,0,0
Marshall Islands (the),MH,0,0,0,0,0,0,0,0,0,0,0,0,0,0,0,0,0,0,0,196957.218,735736.3248,1546198.4427,2371557.114,10432223.0454,22760044.0313,30187384.805,37697686.7494,48396920.5322,36679387.3092,15131701.782,0,0,0,0,0
Mauritania,MR,0,0,0,0,0,0,0,0,723654.972,3970440.0422,11730314.25675,15909210.992,15444866.108,19913190.69,17227754.9065,9875785.3524,5291906.8198,3970836.1538,3183131.211,11333862.621,15583724.524,18098406.07373,21732586.60927,24438812.4441,27918902.547,38741064.6226,52686606.7884,53258411.546,50756141.374,57908368.236,42012725.9324,0,0,0,0
Mauritius,MU,0,0,0,0,0,0,0,0,0,0,0,0,0,0,0,15877965.5134,13658227.33,12281283.366,15640534.3002,4838220.572,593959.805,0,0,0,0,0,0,0,0,0,0,0,0,0,0
Mexico,MX,0,0,0,0,0,0,0,0,0,3628562.341,8824068.0052,29183215.338,30753979.596,727159363.942,1787668654.8383,1832768368.9795,974565716.37,393983791.44,270165516.79,172959516.18559,368389101.9219,644891151.9231,645554561.59849,653592887.28187,397008581.211,247658161.3604,183998052.743,131641980.788,106885489.4,78042153.764,27568808.132,0,0,0,0
Micronesia (Federated States of),FM,0,0,0,0,0,0,0,0,0,0,0,0,0,0,0,0,0,0,0,1445267.7301,8032574.4522,18303379.4084,29497858.6799,31269548.6705,19186274.5278,23562467.5512,28170031.1878,33581677.76,42204983.1048,27176621.378,11139204.36,5921744.88,531807.18,0,0
Moldova (the Republic of),MD,0,0,0,0,0,0,0,0,0,881222.275,3369011.74736,9271521.77518,14045051.42446,22337606.1197,23184689.316,30035018.4346,41587218.99,45068363.7933,44062672.323428,24398199.183468,37932836.6670384,48627443.9369985,42711396.4092848,52395976.7630895,59525195.8196608,90060977.4426931,110436188.336969,93098340.0134047,93887349.4186793,104566855.55,28249805.42,2939966,0,0,0
Mongolia,MN,0,0,0,0,0,0,693887.442,4728406.185,6556198.915,11757487.37953,4999808.89266,3756171.6374,7272729.86036,21570160.26492,22471704.7091,28545699.666415,25285339.62112,22809933.3681,13710941.9714,14692072.4215,21998860.6654,37818567.1834,45384372.3592,49200035.8458,46399619.0384,77644926.6802,88555249.5416,74285778.9304,31314763.7956,32658829.578,21003937.462,2469827.576,0,0,0
Montenegro,ME,0,0,0,0,0,0,0,0,0,527790.199,1259698.7526,1536116.2187,2187024.436,4665147.4064,6387748.5253,10335746.271,13768701.94,16866962.3766,15469127.70394,11265687.1446,9710938.2633,17817264.9718,20035052.9358,42377579.0378,26520635.3357,27450996.08,20463745.058,19337680.18,5516031.946,0,0,0,0,0,0
Morocco,MA,0,0,0,0,0,0,0,0,0,0,0,5351048.1588,22999438.1793,53597134.23,51438711.695,58371012.3775,114165352.108,125337612.6656,121565502.9657,157287625.19,260390411.203309,424661335.284908,448779405.975704,515709215.030853,576300352.343986,676018536.0076,521619401.43,466847251.6188,460557792.2384,254919227.86,12374290.826,0,0,0,0
Mozambique,MZ,0,0,0,0,0,0,0,0,0,0,40927.959,5647139.8794,23384187.881,56382171.9016,67286059.1066,102187502.9032,152594595.2325,166909843.96752,188267830.126478,200356436.415238,212821643.808965,284552195.622946,268040954.769895,337821099.76113,395080441.9216,450553709.8402,489885070.5586,493947436.2484,389811542.6092,247250353.3775,84994765.829,11908169.09,7394994.46,0,0
Myanmar,MM,0,0,0,0,0,0,0,0,0,0,0,0,0,0,0,0,0,154828.866,8696326.264,50297780.719,124681011.03008,256373839.23817,324186005.5988,361786860.44986,416133183.3342,550025871.5453,714030010.3437,310856641.37,182680792.283,141301580.44168,98330258.17568,38999194.1,0,0,0
Nepal,NP,0,0,0,0,0,0,0,0,3427839.528,12803641.1448,23974106.4163,27947705.1215,27773442.3281,82341589.5946,104464653.2797,146763579.6722,203471092.7194,264198201.9887,273138245.5552,286291560.8105,243822377.585,265666527.21246,264627336.05828,337962115.13132,400796904.25134,474564935.9708,535859803.3208,446382316.4808,305670168.9568,220890585.9018,128639844.92,28027676.06,1437316.672,0,0
Nicaragua,NI,0,0,0,0,0,0,0,0,2730454.793,6402916.7298,9037044.7306,15162720.338,23808951.19086,48045622.3306,39510444.67836,34680536.24436,42723893.2086,46711841.0411888,50292098.4554879,37024210.1474861,50873106.1288113,45586367.7083,65837160.708,132219980.2418,135948623.231,114278090.816,86785127.7752,59407686.4732,35788999.434,8798893.63,0,0,0,0,0
Niger (the),NE,0,0,0,0,0,0,0,0,0,0,0,0,586851.3222,19754226.9111,35743067.85131,40641590.1215,45295049.637,59753985.8961,74427511.4786,109938391.5072,151113211.985,167342959.872,143136141.6134,157122965.0838,197941300.981,242459126.824,263865800.026,200223109.838,159942895.037,108899793.186,72175392.728,30789264.176,0,0,0
Nigeria,NG,0,0,0,0,0,0,0,0,0,11194334.908,51330342.557,73070599.06944,114868529.1911,216429301.0302,415321547.6472,428008972.0664,610305921.4725,756169571.5548,661613386.5443,660951448.63,737461295.217,1176777268.631,1245941701.941,1489612415.5448,1861238146.734,2101775509.955,2240564191.844,1895120589.504,1081330174.384,495157221.854,257667767.4,96284052.02,0,0,0
North Macedonia,MK,0,0,0,0,0,0,0,0,0,0,1101204.745,5959246.571,11416797.0384,21643677.6524,43650894.32,49889291.739,41305888.148,37518725.066,26718066.7836,26466902.516,43978775.312,39868593.6015128,49723067.7185907,58726339.3590517,55569218.8176253,141367115.814932,148595265.472429,92471084.946,112244410.87,130190851.566,79320614.237,0,0,0,0
"Oceania, regional",889,0,0,0,0,0,0,0,0,0,0,0,0,0,0,0,0,0,0,132478.598,918389.16518,2622210.97578,4203270.25384,4581738.0906,4988055.3816,5945097.431,6143579.276,4682643.809,2921768.8317,1912419.4492,1320340.4166,559033.4131,0,0,0,0
Pakistan,PK,0,0,0,0,0,0,0,0,0,31533233.1275,70434927.571,86903262.1875,101249860.61012,132014859.64318,190094781.743133,326053307.565451,423587289.720777,522853946.838468,570073261.4284,711422600.1549,906721130.159,1073853229.596,807661922.6623,1074122629.9058,1300624906.6569,1868683446.8022,1974174705.8686,1783415972.3193,1548853634.848,930104830.202,223410273.064,27955810.32,0,0,0
"Palestine, State of",PS,0,0,0,0,0,0,0,0,0,0,0,0,0,0,0,0,0,0,0,1278304.8,2335796.94,2402563.92,2238116.88,2365747.32,1524156.288,5220641.966,1437316.824,574926.672,431195.016,71865.836,0,0,0,0,0
Panama,PA,0,0,0,0,0,0,0,0,0,0,0,0,1619412.47928,21267517.3572,51638440.9463,56426017.731,50319752.1804,39345868.868,21511491.3856,13721536.5713,11026962.291,14868646.666,21678066.4548,36081608.832,57866503.942,106544235.05,85032921.728,32691827.808,12046140,0,0,0,0,0,0
Papua New Guinea,PG,0,0,0,0,0,0,0,0,0,0,0,0,0,0,4763319.4073,13484577.9793,27381545.7251,36359695.0563,44902650.3542,37650911.2209,40649366.123,42755224.3593,42358115.544,58275633.2422,53266083.06161,67964772.223896,63677404.948,44922144.4267,40453999.34692,37948739.96,33753388.6332,7074185.5288,0,0,0
Paraguay,PY,0,0,0,0,0,0,0,0,0,0,0,0,9114766.662,13598885.208,15730884.6726,25215940.8621,42093843.761,50711583.0814,47208795.9902,46181621.3624,42748628.3075,61433457.156,59310844.752,65651858.66,59374269.9744,100515631.5818,86804226.924,66040390.14,47810902.4924,37929349.9964,31707924.5858,20122433.52,0,0,0
Peru,PE,0,0,0,0,0,0,0,630454.1563,3855400.52654,6550394.9725,9962749.8046,12140533.4398,28038913.0624,55193950.11,61096290.5772,50077874.2314,55004223.0175682,37554588.1628149,31660739.6793163,44800134.2600287,74970022.3346729,229711353.049074,297181010.73886,220932178.40558,157169806.3281,213466750.72136,241373476.7626,173747541.1998,142703141.7602,38143406.5758,2279173.66,0,0,0,0
Philippines (the),PH,0,0,0,0,0,0,0,0,10845363.8472,21788139.9671,36154216.999,48897485.704594,86332307.54028,181616720.0561,184467682.56254,271287778.3775,266362414.7701,253435577.875387,195484554.716882,244512277.533743,399178466.272706,744890121.704709,613855196.302,598544529.104,560127357.042,507642057.91,584344582.825,487199304.788,332223397.168,261373919,209316434.072,203322823,0,0,0
Poland,PL,0,0,0,0,0,0,0,0,0,0,0,0,7214061.528,18111397.838,14942664.546,17919697.014,20890257.056,32143465.212,37909667.756,34682377.92,17508877.036,37384039.26,79979236.224,115278923.292,141453136.174,150619250.755,117859971,94862904,46022879.7,0,0,0,0,0,0
Romania,RO,0,0,0,0,0,0,0,0,0,0,14142170.8043,43007066.3353,94163616.6029,128054413.8856,97382787.396,76553935.1465,138188370.2912,351235846.6134,150565373.0072,236693927.6907,62972202.538,154580762.156,239884495.079,251404649.943,215956935.251,316502912.59,324651229.859,357624013.634,310800602.94,136320741.868,14386969.82,0,0,0,0
Russian Federation (the),RU,0,0,0,0,0,0,0,0,11817476.3054,44186223.167,48100131.297,54937559.569,54385962.287,87845686.541,68787473.418,86582031.1486,91521676.161,97495784.7546,64086410.9201,72188924.7166,88937843.36855,108439350.5548,67546570.9526,40974074.8016,33435362.6018,18600711.169,7836192.056,4172933.7198,675871.2318,0,0,0,0,0,0
Rwanda,RW,0,0,0,0,0,0,0,0,0,0,0,0,833810.92,8925540.636,17607984.616,31881112.146,54436978.318,67929774.9958,63153832.332,59834129.9906,75599588.7808,94724981.51,134871331.902,278077404.224,324309748.36929,373465479.053,253415045.6522,161879863.3494,117057554.584,55973604.8,14798613.0177,0,0,0,0
Saint Lucia,LC,0,0,0,0,0,0,0,0,0,0,0,0,242664.258,795261.142,615021.573,832564.807,2984816.67,737465.396,7583128.4065,5554070.967,7777371.3293,14849187.167,17086817.665,18347947.30962,16987215.41808,23525022.933,22352948.3878,19669147.8336,29283229.965,24119625.77,14373166.68,11498533.8,4311950.4,0,0
Saint Vincent and the Grenadines,VC,0,0,0,0,0,0,0,0,0,0,0,0,0,0,0,0,640682.27,3715893,1220537,639152.38,0,0,275001.13452,1162885.1312,1589423.7048,2915283.0488,4287253.5532,5459324.6316,0,0,0,0,0,0,0
Samoa,WS,0,0,0,0,0,0,0,0,0,1477614.4566,5692147.1994,2007644.8424,2392625.4816,4343631.92678,3556445.525,2634707.0406,4506225.6821,5823362.69766,8769765.27422,10912908.28567,14275019.09821,29852138.5867,26681948.7841,35585537.2147,30364747.3684,22344736.4231,19809898.7976,18601393.956,18385137.9026,14945348.454,9256319.613,0,0,0,0
Sao Tome and Principe,ST,0,0,0,0,0,0,0,0,0,518366.0352,1191822.1824,1426055.8976,1644174.1208,1803130.2224,689622.2584,0,0,0,61026.85,811723.554,1014403.248,1993961.9754,3567261.7834,7051586.97834,12443679.077,18770065.5292,23815080.947,25103592.6544,16392238.2032,3598648.342,0,0,0,0,0
Senegal,SN,0,0,0,0,0,0,0,0,0,0,7005913.6965,8110154.9068,27910875.3656,36688120.1116,29287599.49952,63078053.178,106961296.6736,90237401.6952,101564554.02392,173772204.3907,154779222.58034,145673638.0445,185955772.618671,274416137.98992,368042443.9639,382517723.513,327222922.1034,245075663.3838,190306503.94,117568540.072,65999068.26,35730256.524,2328453.042,0,0
Serbia,RS,0,0,0,0,0,0,0,0,0,4700789.316,17062335.74184,24405388.3628,34750342.4982,50960716.4849,43669359.3455,81652327.7767,121778185.47,136839426.3458,109602494.958,184902706.7042,228105568.831,167874046.0385,170973158.2391,235118987.1466,177339981.5024,154984440.9731,241816099.391,160884794.95,87148939.29,58020751.86,0,0,0,0,0
Seychelles,SC,0,0,0,0,0,0,0,0,0,0,0,0,0,0,0,0,0,0,0,0,0,0,0,0,0,0,0,0,0,0,0,0,0,0,0
Sierra Leone,SL,0,0,0,0,0,0,0,0,0,0,0,8842154.1466,9363729.3962,21727701.09764,27001168.999,45441431.5564,27517943.0409,32245343.782,26190580.43628,24027804.38106,23347829.58298,27780064.2974,34841448.7945,51564593.3998,53950333.80674,68512178.0738,81247655.5952,84539512.6868,51063159.9554,19150793.7576,6564944.24,0,0,0,0
Solomon Islands,SB,0,0,0,0,0,0,0,0,0,0,0,0,115554.406,727287.6464,1192481.8924,2710074.1792,5085709.3942,4801988.2794,2544595.04401,3668170.6008,3664487.41429,4435728.2894,4835356.2615,13067210.99,23150259.3322,28267445.0308,26876921.8608,32240383.124,34061980.9,29482578.289,5139492.411,4057200.12,3868638.54,0,0
Somalia,SO,0,0,0,0,0,0,0,0,0,0,0,0,0,0,0,0,0,0,0,0,13403710.489,16315987.92,24606064.67,34454696.19,74036056.4034,147059058.0194,149485272.24,131735126.13,90736255.234,77143357.384,57796031.948,21789721.7,0,0,0
South Africa,ZA,0,0,0,0,0,0,0,0,0,0,0,0,0,0,0,683559586.2,677987613.6876,497773609.951,458159548.65,597686044.26,696815068.92,445948244.16,193239103.2,122034937.92,59142637.8,106881067.09,118794224.14,41682183.84,0,0,0,0,0,0,0
"South Asia, regional",679,0,0,0,0,0,0,0,0,0,0,0,0,0,0,0,0,2685952.032,6830166.072,6928910.952,21147085.965,39181424.8204,64703679.945,98589548.207,124380262.45,149778516,152159332.714,122679417.392,113109547.74,55100716.336,26392842.032,21579640.56,4958742.64,0,0,0
South Sudan,SS,0,0,0,0,0,0,0,0,0,0,0,0,0,0,0,0,0,0,3356476.744,10482099.252,19488463.334,35341210.45,30568272.446,13324833.8466,17947567.32258,46003921.9587,47152436.427,33283933.3185,0,0,0,0,0,0,0
Sri Lanka,LK,0,0,0,0,0,0,0,0,0,1513685.9728,16173652.14226,41997136.4335,55150491.2754,89863610.289,96046262.22936,121395336.504,176917565.4484,180362450.115,168688981.5166,169394300.1416,223400541.0268,332441923.754,353991346.311,362652831.092424,402729486.6442,544906038.7066,504213829.89358,426222020.00952,330523860.87069,212655283.532,42793231.328,14689376.946,13927598.808,8896990.76,0
Sudan (the),SD,0,0,0,0,0,0,0,0,0,0,0,0,0,0,0,0,0,0,0,0,0,0,0,0,0,149161200,251530428,150918261.6,28746334.4,0,0,0,0,0,0
Suriname,SR,0,0,0,0,0,0,0,0,0,0,0,0,0,0,0,0,0,0,0,0,0,0,0,0,1603344.5484,5778891.9993,11310131.0264,18153890.459,30065134.723,11364745.192,5389937.796,0,0,0,0
Tajikistan,TJ,0,0,0,0,0,0,0,0,762694.29,1435204.873,4804030.8102,12169014.34806,18012069.7476,33457949.104,36846322.1902,22344141.48976,18081241.5221,13549239.43357,20249530.02656,34079061.0337,35344987.08738,47959997.3842033,60158091.4206994,65812077.9843638,71060065.0131027,170563702.213785,231503814.976019,208655493.0452,134969159.9084,87631227.56374,57012462.5776,31041028.0002,10527039.1532,9104467.32,4552053.8
"Tanzania, United Republic of",TZ,0,0,0,0,0,0,0,0,0,0,28649572.696,74353536.472,116807812.554,219765082.4222,312420458.2335,404050444.477492,375127008.647,336376808.503,328969536.8704,365224940.5638,372932613.21,580477010.356,966327289.959,640342720.505,904573346.097,881267393.244,768952456.485,523665731.33,356837887.79,248606604.735,95789254.54,0,0,0,0
Thailand,TH,0,0,0,0,0,0,0,0,0,11647024.7,29609682.422,27167938.758,8791823.6862,2778256.6644,7887897.03679,3803571.6722,10699394.212,30965774.22,7974917.4,0,0,0,0,0,0,0,0,0,0,0,0,0,0,0,0
Timor-Leste,TL,0,0,0,0,0,0,0,0,0,0,0,722834.9304,1498481.10868,5199266.9469,6518878.9585,6163070.47536,5329451.89340703,9655778.25268124,6059111.14860274,5861138.78723361,8631233.2704,11426391.78,8469354.724,12856830.936,9142884.976,13512441.7318,17416299.5186,18004128.4718,27911290.937,35660967.908,35856951.594,7395928.768,0,0,0
Togo,TG,0,0,0,0,0,0,0,0,0,0,0,0,0,2401930.86,5541607.2346,12259864.4417,23346462.4136,20432544.734,14975610.3359,16123844.4702,18590674.1871,10987997.8594,18242067.439,30403581.3729,43583842.721,57971380.66,49981351.652,37329266.4968,12024454.564,0,0,0,0,0,0
Tonga,TO,0,0,0,0,0,0,0,0,0,0,0,0,0,336404.888,1056329.482,2851724.536,6675699.418,13050667.12,13053822.384,16590478.584,21359229.2816,13496432.3179,8337058.649,14261351.06176,12134808.67876,19778099.90024,20014005.21728,19355943.85076,19171275.53733,16570936.4274,7357771.4836,626011.8002,0,0,0
Trinidad and Tobago,TT,0,0,0,0,0,0,0,0,0,0,0,0,0,0,0,0,0,0,0,0,0,0,0,0,0,11932896.48,14373167.52,2874633.53,0,0,0,0,0,0,0
Tunisia,TN,0,0,0,0,0,0,0,0,0,1033276.302,8302797.986,18100940.0328,35614857.328,52019130.12,63930353.2146,87545879.9382,76684416.2547,86919265.90524,59764888.58,38384623.48492,75037430.0632,134918965.378,128702898.0982,203736036.1682,167562867.3242,270907519.1414,300955135.5058,276540679.4896,205040629.1735,105928832.8468,28947199.228,28260413.48,0,0,0
Turkey,TR,0,0,0,0,0,0,0,0,0,0,32627278.7214,93797899.4104,166802623.3396,494988240.9102,601731512.424,728349113.3482,948434848.175,909306728.478,645669294.81,461329547.43,284580715.728,325865588.749,309916961.891,504612290.8602,768255437.77854,1121760589.71015,1124111986.571,1001592850.366,835687484.14,753473846.284,491476944.842,173247833.29,16629754,0,0
Tuvalu,TV,0,0,0,0,0,0,0,0,0,0,0,0,0,0,0,0,251434.16,1069414.74,1475309.816,2297726.8962,3436156.5044,5597089.5338,4273281.3554,3650965.9765,7204336.9863,21232688.4666,29400727.8429,18340880.57064,7385902.067261,5830193.562,7143041.51,0,0,0,0
Uganda,UG,0,0,0,0,0,2919130.325,14944531.826,17447135.28,14750233.76,10954245.8,15993773.0188,18821943.73,23559932.17,59589193.864,76023771.1048453,237130321.646,242905416.7638,208510473.9874,212920860.045,199840558.277,318408669.893112,435253970.518384,428721714.587362,427779357.870891,451226888.926272,464369597.594,405581849.05,380330935.05,293082440.748,172937945.364,59131209.554,25670476.6032,0,0,0
Ukraine,UA,0,0,0,0,0,0,0,0,0,6286730.149,13366168.6436,29321772.71664,95763327.18631,167180821.48028,171900072.720318,344094999.79445,421484353.4911,294066843.1358,211731830.8416,222784849.7358,207370386.4735,335235211.4198,408718615.9773,541182581.376,709354240.607,896693247.506,705592275.589,413518792.87,232444681.609,119260974.328,23193064.26,0,0,0,0
Uruguay,UY,0,0,0,0,0,0,0,2698343.874,5680517.2419,7482325.401,8505067.833,11557575.4812,17481148.05686,36556402.48052,35583268.9572,41999528.7284,35166007.3182,36972256.283,35693113.6735,38246354.9561,43341498.8848,43006604.501,34738775.8798,32224495.245,30037344.5305,46809748.992,23965378.2486,3643679.5572,0,0,0,0,0,0,0
Uzbekistan,UZ,0,0,0,0,0,0,0,0,0,1244078.4,2979555.488,8148890.88,13866528.48,23605530.4788,25389181.6936,41446923.4341,65339659.50915,118730008.8537,167829740.30196,179984196.73958,243392716.739864,345031791.686743,292369545.155288,296515216.26635,448587447.241924,594373045.602972,826658891.505129,748218983.4769,619106221.1444,506475702.7652,282540337.894,99828180.944,35279593.44,0,0
Vanuatu,VU,0,0,0,0,0,0,0,0,0,0,0,0,0,0,0,0,0,0,0,0,9356712.7462,21788080.517,35919332.425,41836708.9239,38399991.79161,26981155.0832,29491252.4346,18277020.0192,20361563.129,29460482.352,36730295.531,395003.356,0,0,0
Viet Nam,VN,0,0,0,0,0,0,0,0,30166332.785,74597404.3696,105059040.8705,160825984.9822,244074072.0913,351473753.75264,482478699.20098,717599781.98192,869798211.341029,799635266.944321,897743909.128456,1101416026.00851,1309282576.41383,1891379618.47054,1736858528.21682,1842706717.59896,1676250316.17859,1490491176.18538,1274245877.161,862937711.8523,506200058.658,292280787.246,225770336.96,38445347.2,0,0,0
Yemen,YE,0,0,0,0,0,0,0,7202526.29462,9147635.986516,13216155.1116,12703081.5863,16989559.3137,41595711.9852,61211680.5084,64941501.37994,66340156.4854,83095073.067,138348024.23738,225737656.75076,169173771.384422,152995931.666023,161663608.287892,366498507.030989,378751900.572824,264216253.401728,203619229.216,69472334.974,2429065.26,3118977.288,4728771.912,8940109.87,7071597.93,6539791.156,0,0
Zambia,ZM,0,0,0,0,0,0,0,0,0,4146928.1755,12621730.3165,17582269.5439785,27569830.9046663,37972220.1612343,21350971.7941533,19043581.5358384,39141331.7521984,53343862.2087043,90415280.440074,89451615.1422372,114436356.8463,163070954.666,203278592.6903,213517967.2981,181810303.708,211525579.586,191522043.51664,160452932.64604,108731847.7518,92210370.8876,50458858.96,0,0,0,0
Zimbabwe,ZW,0,0,0,0,0,0,0,0,0,0,0,0,0,0,0,0,0,0,0,0,0,0,0,0,16765718.88,32815464.2,28027675.68,20122433.64,7905242.04,0,0,0,0,0,0
